{
  "format_version": "1.8.0",
  "minecraft:entity": {
    "description": {
      "identifier": "command:commander_boss_flying",
      "is_spawnable": false,
      "is_summonable": false,
      "is_experimental": false,
      "runtime_identifier": "minecraft:bat"
    },
    
    "component_groups": {     
      "commander:charged": {
        "minecraft:is_charged": {}
        },
          
      "commander:become_inactive": {
       "minecraft:transformation": {
        "into": "command:commander_boss_inactive",
        "begin_transform_sound": "fizz"
          }
        },
      
      "commander:detect_death": {
       "minecraft:damage_sensor": [
       {
        "on_damage": {
         "filters": {
          "with_damage_fatal": true
         },
          "event": "commander:defeated",
          "target": "self"
         },
          "deals_damage": false
        },
        {
          "on_damage": {
            "filters": {
              "test": "is_family",
              "subject": "other",
              "value": "command"
            }
          },
          "deals_damage": false
        }
      ]
    },
    
      "commander:flying_state": {
       "minecraft:knockback_resistance": {
       "value": 100.0
      },
       "minecraft:variant": {
        "value": 0
        },
       "minecraft:movement": {
        "value": 0.03
      },  
       "minecraft:can_fly": {
      },
       "minecraft:flying_speed": {
        "value": 0.6
      },
       "minecraft:follow_range": {
        "value": 32,
        "max": 32
      },
       "minecraft:shooter": {
        "type": "Egg",
        "def": "minecraft:egg"
      },
      "minecraft:behavior.ranged_attack": {
          "attack_interval_min": 1.0,
          "attack_interval_max": 3.0,
          "attack_radius": 100,
          "burst_shots": 8,
          "burst_interval": 0.0,
          "charge_charged_trigger": 0.0,
          "charge_shoot_trigger": 1.0
         },
               "minecraft:behavior.float_wander": {
        "xz_dist": 30,
        "y_dist": 15,
        "y_offset": -2.0,
        "random_reselect": true,
        "float_duration": [ 0.1, 0.35 ]
      },
                     "minecraft:behavior.nearest_attackable_target": {
        "priority": 2,
        "entity_types": [
          {
            "filters": {
              "test": "is_family",
              "subject": "other",
              "value": "player"
            },
            "max_dist": 100
          }
        ],
        "must_see": false,
        "must_reach": false
      }
    }
  },

    "components": {
      "minecraft:breathable": {
        "totalSupply": 15,
        "suffocateTime": 0
      },
      "minecraft:fire_immune": true,
      "minecraft:nameable": {
      },
      "minecraft:boss": {
        "should_darken_sky": true,
        "hud_range": 55
      },
      "minecraft:health": {
        "value": 400,
        "max": 400
      },
      "minecraft:scale": {
        "value": 1.5
      },
      "minecraft:collision_box": {
        "width": 1.75,
        "height": 2.125
      },
      "minecraft:navigation.float": {
        "can_path_over_water": true
      },
      "minecraft:loot": {
        "table": "loot_tables/entities/empty.json"
      },
      "minecraft:type_family": {
        "family": [ "ghast", "monster", "command" ]
      },
      "minecraft:fall_damage": {
        "value": 0.0
      },
      "minecraft:jump.static": {
      },
      "minecraft:behavior.float": {
        "priority": 0
      },
      "minecraft:behavior.hurt_by_target": {
        "priority": 2,
        "entity_types": [
          {
            "filters": {
            "other_without_families": [ "command" ]
            }
          }
        ]
      },
      "minecraft:physics": {
      }
    },
    
    "events": {
      "minecraft:entity_transformed": {
        "remove": {},
        "add": {
          "component_groups": [
            "commander:flying_state",
            "commander:detect_death",
            "commander:charged"
            ]
          }
        },
      
      "commander:defeated": {
        "remove": {
          },
          "add": {
            "component_groups": [
              "commander:become_inactive"
              ]
            }
          }
        }
      }
    }
