{
  "format_version": "1.12.0",
  "minecraft:entity": {
    "description": {
      "identifier": "bg:gerakan_kilat",
      "is_spawnable": true,
      "is_summonable": true,
      "is_experimental": false,
      "runtime_identifier":"minecraft:egg"
    },
	
    "components": {
      "minecraft:type_family": {
        "family": [ "kunai" ]
      },
      "minecraft:collision_box": {
        "width": 0.25,
        "height": 0.25
      },
      "minecraft:scale": {
      	 "value": 0.8
      },
	    "minecraft:physics": {
      },
      "minecraft:projectile": {
      "onHit": { 
            "teleport_owner": {},
          "impact_damage": {
            "damage": [ 0, 0 ],
            "knockback": true,
            "semirandomdiffdamage": false,
            "destroyonhit": true
      },
          "stick_in_ground": { },
            "remove_on_hit": { }
        },
        
        "uncertaintyBase": 16,
        "uncertaintyMultiplier": 4,
        "shouldbounce": true,
       "power": 6,
       "anchor": 1,
       "gravity": 0.05,
       "offset": [ 0, -0.1, 0 ]
      }
    }
  }
}


