{"format_version":"1.13.0","minecraft:entity":{"description":{"identifier":"bg:ombak_luncur","is_spawnable":true,"is_summonable":true,"is_experimental":false},"component_groups":{},"components":{"minecraft:type_family":{"family":["plane"]},"minecraft:behavior.float":{"priority":0},"minecraft:loot":{"table":""},"minecraft:breathable":{"totalSupply":15,"suffocateTime":0,"breathesWater":true},"minecraft:health":{"value":20,"max":20},"minecraft:scale":{"value":1.0},"minecraft:movement":{"value":0.8},"minecraft:underwater_movement":{"value":0.2},"minecraft:navigation.walk":{"is_amphibious":true,"avoid_water":true},"minecraft:movement.basic":{},"minecraft:jump.static":{},"minecraft:nameable":{},"minecraft:horse.jump_strength":{"value":{"range_min":1.1,"range_max":1.6}},"minecraft:rideable":{"seat_count":1,"controlling_seat":0,"family_types":["player"],"interact_text":"action.interact.ride.horse","pull_in_entities":true,"seats":[{"position":[0.0,0.6,0],"min_rider_count":0,"max_rider_count":1}]},"minecraft:behavior.player_ride_tamed":{},"minecraft:input_ground_controlled":{},"minecraft:can_power_jump":{},"minecraft:balloonable":{},"minecraft:collision_box":{"width":1.1,"height":0.4},"minecraft:damage_sensor":{"triggers":{"cause":"fall","deals_damage":false}},"minecraft:healable":{"items":[{"item":"string","heal_amount":1}]},"minecraft:is_tamed":{},"minecraft:pushable":{"is_pushable":true,"is_pushable_by_piston":true},"minecraft:physics":{}},"events":{"minecraft:entity_spawned":{"randomize":[{"weight":36,"add":{"component_groups":[]}}]}}}}