{"format_version":"1.13.0","minecraft:entity":{"description":{"identifier":"bg:tanah_pelindung","is_spawnable":true,"is_summonable":true,"is_experimental":false},"component_groups":{"minecraft:born":{}},"components":{"minecraft:type_family":{"family":["inanimate"]},"minecraft:collision_box":{"width":0.7,"height":1.8},"minecraft:interact":{"interactions":[{"hurt_item":0,"interact_text":"Destroy Cage","on_interact":{"filters":{"all_of":[{"test":"is_family","subject":"other","value":"player"},{"test":"has_equipment","subject":"other","domain":"hand","value":"barrier"},{"test":"is_sneaking","subject":"other","value":"false"}]},"event":"minecraft:event_death","target":"self"},"swing":true,"use_item":false}]},"minecraft:health":{"value":40},"minecraft:lookat":{"search_radius":200,"set_target":true,"look_cooldown":5.0,"filters":{"any_of":[{"subject":"other","test":"is_family"}]}},"minecraft:leashable":{"soft_distance":4.0,"hard_distance":6.0,"max_distance":10.0},"minecraft:damage_sensor":{"triggers":{"cause":"all","deals_damage":true}},"minecraft:physics":{"has_gravity":"false"},"minecraft:scale":{"value":3.0},"minecraft:knockback_resistance":{"value":1.0}},"events":{"minecraft:entity_spawned":{"add":{"component_groups":["minecraft:born"]}}}}}