{"format_version":"1.8.0","minecraft:entity":{"description":{"identifier":"bg:tanah_bertubi_tubi","is_spawnable":true,"is_summonable":true,"is_experimental":false},"component_groups":{"minecraft:damage_0":{"minecraft:variant":{"value":0},"minecraft:timer":{"looping":false,"randomInterval":false,"time":5.0,"time_down_event":{"event":"minecraft:event_damage_1"}},"minecraft:behavior.knockback_roar":{"priority":1,"duration":0.2,"attack_time":0.1,"knockback_damage":14,"knockback_strength":3,"knockback_range":2.0,"knockback_filters":{"all_of":[{"test":"is_family","subject":"other","operator":"!\u003d","value":"player"}]},"on_roar_end":{"event":"minecraft:event_damage_1"},"damage_filters":{"all_of":[{"test":"is_family","subject":"other","operator":"!\u003d","value":"player"}]}},"minecraft:damage_sensor":[{"on_damage":{"filters":{"all_of":[{"test":"has_damage","subject":"self","value":"attack"}]},"event":"minecraft:event_damage_1"}},{"on_damage":{"filters":{"all_of":[{"test":"has_damage","subject":"self","value":"fatal"}]},"event":"minecraft:event_despawn"}}]},"minecraft:damage_1":{"minecraft:variant":{"value":1},"minecraft:timer":{"looping":false,"randomInterval":false,"time":5.0,"time_down_event":{"event":"minecraft:event_damage_2"}},"minecraft:damage_sensor":[{"on_damage":{"filters":{"all_of":[{"test":"has_damage","subject":"self","value":"attack"}]},"event":"minecraft:event_damage_2"}},{"on_damage":{"filters":{"all_of":[{"test":"has_damage","subject":"self","value":"fatal"}]},"event":"minecraft:event_despawn"}}]},"minecraft:damage_2":{"minecraft:variant":{"value":2},"minecraft:timer":{"looping":false,"randomInterval":false,"time":5.0,"time_down_event":{"event":"minecraft:event_damage_3"}},"minecraft:damage_sensor":[{"on_damage":{"filters":{"all_of":[{"test":"has_damage","subject":"self","value":"attack"}]},"event":"minecraft:event_damage_3"}},{"on_damage":{"filters":{"all_of":[{"test":"has_damage","subject":"self","value":"fatal"}]},"event":"minecraft:event_despawn"}}]},"minecraft:damage_3":{"minecraft:variant":{"value":3},"minecraft:timer":{"looping":false,"randomInterval":false,"time":5.0,"time_down_event":{"event":"minecraft:event_despawn"}},"minecraft:damage_sensor":[{"on_damage":{"filters":{"all_of":[{"test":"has_damage","subject":"self","value":"attack"}]},"event":"minecraft:event_despawn"}},{"on_damage":{"filters":{"all_of":[{"test":"has_damage","subject":"self","value":"fatal"}]},"event":"minecraft:event_despawn"}}]},"minecraft:despawn":{"minecraft:type_family":{"family":["despawncito"]}}},"components":{"minecraft:despawn":{"filters":{"all_of":[{"test":"is_family","subject":"self","value":"despawncito"}]}},"minecraft:knockback_resistance":{"value":1.0},"minecraft:fire_immune":true,"minecraft:fall_damage":{"value":0.0},"minecraft:pushable":{"is_pushable":false,"is_pushable_by_piston":false},"minecraft:type_family":{"family":["inanimate"]},"minecraft:health":{"value":100},"minecraft:collision_box":{"width":0.6,"height":1.8},"minecraft:physics":{}},"events":{"minecraft:entity_spawned":{"add":{"component_groups":["minecraft:damage_0"]}},"minecraft:event_damage_1":{"add":{"component_groups":["minecraft:damage_1"]},"remove":{"component_groups":["minecraft:damage_0"]}},"minecraft:event_damage_2":{"add":{"component_groups":["minecraft:damage_2"]},"remove":{"component_groups":["minecraft:damage_1"]}},"minecraft:event_damage_3":{"add":{"component_groups":["minecraft:damage_3"]},"remove":{"component_groups":["minecraft:damage_2"]}},"minecraft:event_despawn":{"add":{"component_groups":["minecraft:despawn"]}}}}}