{"format_version":"1.10.0","animation_controllers":{"controller.animation.gerakan_slo_mo":{"states":{"default":{"transitions":[{"gerakan_slo_mo":"(query.mark_variant \u003d\u003d 166) \u0026\u0026 (variable.attack_time)"}]},"gerakan_slo_mo":{"on_entry":["/execute @e[r\u003d10, type\u003d!player, type\u003d!bg:gerakan_slo_mo_effect, type\u003d!bg:gerakan_slo_mo] ~~~ summon bg:gerakan_slo_mo_effect","/summon bg:gerakan_slo_mo  ~~~","/effect @s weakness 10 1 true"],"transitions":[{"default":"!variable.attack_time"}]}}},"controller.animation.gerakan_slo_mo_effect":{"states":{"default":{"transitions":[{"walking":"(1.0)"}],"on_entry":["/effect @e[r\u003d1] slowness 10 3 true"]},"walking":{"transitions":[{"default":"(1.0)"}],"on_entry":["/effect @e[r\u003d1] slowness 10 3 true"]}}}}}