{"format_version":"1.10.0","animation_controllers":{"controller.animation.pusaran_angin":{"initial_state":"default","states":{"default":{"transitions":[{"shoot":"query.mark_variant \u003d\u003d 1 \u0026\u0026 query.get_equipped_item_name\u003d\u003d\u0027pusaran_angin\u0027 \u0026\u0026 query.item_remaining_use_duration \u003e 1"}],"on_entry":["@s ib:pusaran_angin","/replaceitem entity @s slot.weapon.mainhand 0 ib:pusaran_angin 1 2"]},"shoot":{"transitions":[{"default":"query.mark_variant \u003d\u003d 1 \u0026\u0026 query.get_equipped_item_name\u003d\u003d\u0027pusaran_angin\u0027 \u0026\u0026 query.item_remaining_use_duration \u003e 1"}],"on_entry":["@s ib:pusaran_angin","/replaceitem entity @s slot.weapon.mainhand 0 ib:pusaran_angin 1 1"]}}}}}