{
	"format_version": "1.12.0",
	"minecraft:geometry": [
		{
			"description": {
				"identifier": "geometry.bbb_supra",
				"texture_width": 64,
				"texture_height": 64,
				"visible_bounds_width": 5,
				"visible_bounds_height": 4,
				"visible_bounds_offset": [0, 0, 0]
			},
			"bones": [
				{
					"name": "unknown_bone",
					"pivot": [0, 0, 0],
					"cubes": [
						{"origin": [-6, 26, 13], "size": [11, 1, 1], "uv": [40, 62]},
						{"origin": [16, 35, 13], "size": [11, 1, 1], "uv": [40, 62]},
						{"origin": [-27, 35, 13], "size": [11, 1, 1], "uv": [40, 62]},
						{"origin": [-6, 14, 3], "size": [11, 1, 1], "uv": [40, 62]},
						{"origin": [16, 23, 3], "size": [11, 1, 1], "uv": [40, 62]},
						{"origin": [-27, 23, 3], "size": [11, 1, 1], "uv": [40, 62]},
						{"origin": [-6, 38, 13], "size": [11, 1, 1], "uv": [40, 62]},
						{"origin": [16, 47, 13], "size": [11, 1, 1], "uv": [40, 62]},
						{"origin": [-27, 47, 13], "size": [11, 1, 1], "uv": [40, 62]},
						{"origin": [-6, 26, 3], "size": [11, 1, 1], "uv": [40, 62]},
						{"origin": [16, 35, 3], "size": [11, 1, 1], "uv": [40, 62]},
						{"origin": [-27, 35, 3], "size": [11, 1, 1], "uv": [40, 62]},
						{"origin": [-12, 33, 13], "size": [11, 1, 1], "pivot": [-6, 33, 13], "rotation": [0, 0, -90], "uv": [40, 62]},
						{"origin": [10, 42, 13], "size": [11, 1, 1], "pivot": [16, 42, 13], "rotation": [0, 0, -90], "uv": [40, 62]},
						{"origin": [-33, 42, 13], "size": [11, 1, 1], "pivot": [-27, 42, 13], "rotation": [0, 0, -90], "uv": [40, 62]},
						{"origin": [-12, 21, 3], "size": [11, 1, 1], "pivot": [-6, 21, 3], "rotation": [0, 0, -90], "uv": [40, 62]},
						{"origin": [10, 30, 3], "size": [11, 1, 1], "pivot": [16, 30, 3], "rotation": [0, 0, -90], "uv": [40, 62]},
						{"origin": [-33, 30, 3], "size": [11, 1, 1], "pivot": [-27, 30, 3], "rotation": [0, 0, -90], "uv": [40, 62]},
						{"origin": [0, 33, 13], "size": [11, 1, 1], "pivot": [6, 33, 13], "rotation": [0, 0, -90], "uv": [40, 62]},
						{"origin": [22, 42, 13], "size": [11, 1, 1], "pivot": [28, 42, 13], "rotation": [0, 0, -90], "uv": [40, 62]},
						{"origin": [-21, 42, 13], "size": [11, 1, 1], "pivot": [-15, 42, 13], "rotation": [0, 0, -90], "uv": [40, 62]},
						{"origin": [0, 21, 3], "size": [11, 1, 1], "pivot": [6, 21, 3], "rotation": [0, 0, -90], "uv": [40, 62]},
						{"origin": [22, 30, 3], "size": [11, 1, 1], "pivot": [28, 30, 3], "rotation": [0, 0, -90], "uv": [40, 62]},
						{"origin": [-21, 30, 3], "size": [11, 1, 1], "pivot": [-15, 30, 3], "rotation": [0, 0, -90], "uv": [40, 62]},
						{"origin": [-4, 36, 13], "size": [7, 1, 1], "uv": [48, 9]},
						{"origin": [18, 45, 13], "size": [7, 1, 1], "uv": [48, 9]},
						{"origin": [-25, 45, 13], "size": [7, 1, 1], "uv": [48, 9]},
						{"origin": [-4, 24, 3], "size": [7, 1, 1], "uv": [48, 9]},
						{"origin": [18, 33, 3], "size": [7, 1, 1], "uv": [48, 9]},
						{"origin": [-25, 33, 3], "size": [7, 1, 1], "uv": [48, 9]},
						{"origin": [-4, 28, 13], "size": [7, 1, 1], "uv": [48, 9]},
						{"origin": [18, 37, 13], "size": [7, 1, 1], "uv": [48, 9]},
						{"origin": [-25, 37, 13], "size": [7, 1, 1], "uv": [48, 9]},
						{"origin": [-4, 16, 3], "size": [7, 1, 1], "uv": [48, 9]},
						{"origin": [18, 25, 3], "size": [7, 1, 1], "uv": [48, 9]},
						{"origin": [-25, 25, 3], "size": [7, 1, 1], "uv": [48, 9]},
						{"origin": [-2, 30, 13], "size": [3, 1, 1], "uv": [48, 31]},
						{"origin": [20, 39, 13], "size": [3, 1, 1], "uv": [48, 31]},
						{"origin": [-23, 39, 13], "size": [3, 1, 1], "uv": [48, 31]},
						{"origin": [-2, 18, 3], "size": [3, 1, 1], "uv": [48, 31]},
						{"origin": [20, 27, 3], "size": [3, 1, 1], "uv": [48, 31]},
						{"origin": [-23, 27, 3], "size": [3, 1, 1], "uv": [48, 31]},
						{"origin": [-2, 34, 13], "size": [3, 1, 1], "uv": [49, 32], "mirror": true},
						{"origin": [20, 43, 13], "size": [3, 1, 1], "uv": [49, 32], "mirror": true},
						{"origin": [-23, 43, 13], "size": [3, 1, 1], "uv": [49, 32], "mirror": true},
						{"origin": [-2, 22, 3], "size": [3, 1, 1], "uv": [49, 32], "mirror": true},
						{"origin": [20, 31, 3], "size": [3, 1, 1], "uv": [49, 32], "mirror": true},
						{"origin": [-23, 31, 3], "size": [3, 1, 1], "uv": [49, 32], "mirror": true},
						{"origin": [-5, 29, 13], "size": [1, 7, 1], "uv": [48, 9]},
						{"origin": [17, 38, 13], "size": [1, 7, 1], "uv": [48, 9]},
						{"origin": [-26, 38, 13], "size": [1, 7, 1], "uv": [48, 9]},
						{"origin": [-5, 17, 3], "size": [1, 7, 1], "uv": [48, 9]},
						{"origin": [17, 26, 3], "size": [1, 7, 1], "uv": [48, 9]},
						{"origin": [-26, 26, 3], "size": [1, 7, 1], "uv": [48, 9]},
						{"origin": [3, 29, 13], "size": [1, 7, 1], "uv": [48, 9]},
						{"origin": [25, 38, 13], "size": [1, 7, 1], "uv": [48, 9]},
						{"origin": [-18, 38, 13], "size": [1, 7, 1], "uv": [48, 9]},
						{"origin": [3, 17, 3], "size": [1, 7, 1], "uv": [48, 9]},
						{"origin": [25, 26, 3], "size": [1, 7, 1], "uv": [48, 9]},
						{"origin": [-18, 26, 3], "size": [1, 7, 1], "uv": [48, 9]},
						{"origin": [3, 36, 12], "size": [1, 7, 1], "pivot": [4, 37, 12], "rotation": [0, 0, 35], "uv": [0, 56]},
						{"origin": [25, 45, 12], "size": [1, 7, 1], "pivot": [26, 46, 12], "rotation": [0, 0, 35], "uv": [0, 56]},
						{"origin": [-18, 45, 12], "size": [1, 7, 1], "pivot": [-17, 46, 12], "rotation": [0, 0, 35], "uv": [0, 56]},
						{"origin": [3, 24, 2], "size": [1, 7, 1], "pivot": [4, 25, 2], "rotation": [0, 0, 35], "uv": [0, 56]},
						{"origin": [25, 33, 2], "size": [1, 7, 1], "pivot": [26, 34, 2], "rotation": [0, 0, 35], "uv": [0, 56]},
						{"origin": [-18, 33, 2], "size": [1, 7, 1], "pivot": [-17, 34, 2], "rotation": [0, 0, 35], "uv": [0, 56]},
						{"origin": [-8, 23, 12], "size": [1, 7, 1], "pivot": [-7, 24, 12], "rotation": [0, 0, 35], "uv": [0, 56]},
						{"origin": [14, 32, 12], "size": [1, 7, 1], "pivot": [15, 33, 12], "rotation": [0, 0, 35], "uv": [0, 56]},
						{"origin": [-29, 32, 12], "size": [1, 7, 1], "pivot": [-28, 33, 12], "rotation": [0, 0, 35], "uv": [0, 56]},
						{"origin": [-8, 11, 2], "size": [1, 7, 1], "pivot": [-7, 12, 2], "rotation": [0, 0, 35], "uv": [0, 56]},
						{"origin": [14, 20, 2], "size": [1, 7, 1], "pivot": [15, 21, 2], "rotation": [0, 0, 35], "uv": [0, 56]},
						{"origin": [-29, 20, 2], "size": [1, 7, 1], "pivot": [-28, 21, 2], "rotation": [0, 0, 35], "uv": [0, 56]},
						{"origin": [-5, 36, 12], "size": [1, 7, 1], "pivot": [-4, 37, 12], "rotation": [0, 0, -35], "uv": [0, 56]},
						{"origin": [17, 45, 12], "size": [1, 7, 1], "pivot": [18, 46, 12], "rotation": [0, 0, -35], "uv": [0, 56]},
						{"origin": [-26, 45, 12], "size": [1, 7, 1], "pivot": [-25, 46, 12], "rotation": [0, 0, -35], "uv": [0, 56]},
						{"origin": [-5, 24, 2], "size": [1, 7, 1], "pivot": [-4, 25, 2], "rotation": [0, 0, -35], "uv": [0, 56]},
						{"origin": [17, 33, 2], "size": [1, 7, 1], "pivot": [18, 34, 2], "rotation": [0, 0, -35], "uv": [0, 56]},
						{"origin": [-26, 33, 2], "size": [1, 7, 1], "pivot": [-25, 34, 2], "rotation": [0, 0, -35], "uv": [0, 56]},
						{"origin": [6, 24, 12], "size": [1, 7, 1], "pivot": [7, 25, 12], "rotation": [0, 0, -35], "uv": [0, 56]},
						{"origin": [28, 33, 12], "size": [1, 7, 1], "pivot": [29, 34, 12], "rotation": [0, 0, -35], "uv": [0, 56]},
						{"origin": [-15, 33, 12], "size": [1, 7, 1], "pivot": [-14, 34, 12], "rotation": [0, 0, -35], "uv": [0, 56]},
						{"origin": [6, 12, 2], "size": [1, 7, 1], "pivot": [7, 13, 2], "rotation": [0, 0, -35], "uv": [0, 56]},
						{"origin": [28, 21, 2], "size": [1, 7, 1], "pivot": [29, 22, 2], "rotation": [0, 0, -35], "uv": [0, 56]},
						{"origin": [-15, 21, 2], "size": [1, 7, 1], "pivot": [-14, 22, 2], "rotation": [0, 0, -35], "uv": [0, 56]},
						{"origin": [1, 31, 13], "size": [1, 3, 1], "uv": [51, 30]},
						{"origin": [23, 40, 13], "size": [1, 3, 1], "uv": [51, 30]},
						{"origin": [-20, 40, 13], "size": [1, 3, 1], "uv": [51, 30]},
						{"origin": [1, 19, 3], "size": [1, 3, 1], "uv": [51, 30]},
						{"origin": [23, 28, 3], "size": [1, 3, 1], "uv": [51, 30]},
						{"origin": [-20, 28, 3], "size": [1, 3, 1], "uv": [51, 30]},
						{"origin": [-3, 31, 13], "size": [1, 3, 1], "uv": [51, 30]},
						{"origin": [19, 40, 13], "size": [1, 3, 1], "uv": [51, 30]},
						{"origin": [-24, 40, 13], "size": [1, 3, 1], "uv": [51, 30]},
						{"origin": [-3, 19, 3], "size": [1, 3, 1], "uv": [51, 30]},
						{"origin": [19, 28, 3], "size": [1, 3, 1], "uv": [51, 30]},
						{"origin": [-24, 28, 3], "size": [1, 3, 1], "uv": [51, 30]},
						{"origin": [3, 39, 13], "size": [1, 3, 1], "uv": [57, 62]},
						{"origin": [25, 48, 13], "size": [1, 3, 1], "uv": [57, 62]},
						{"origin": [-18, 48, 13], "size": [1, 3, 1], "uv": [57, 62]},
						{"origin": [3, 27, 3], "size": [1, 3, 1], "uv": [57, 62]},
						{"origin": [25, 36, 3], "size": [1, 3, 1], "uv": [57, 62]},
						{"origin": [-18, 36, 3], "size": [1, 3, 1], "uv": [57, 62]},
						{"origin": [6, 36, 13], "size": [3, 1, 1], "uv": [57, 62]},
						{"origin": [28, 45, 13], "size": [3, 1, 1], "uv": [57, 62]},
						{"origin": [-15, 45, 13], "size": [3, 1, 1], "uv": [57, 62]},
						{"origin": [6, 24, 3], "size": [3, 1, 1], "uv": [57, 62]},
						{"origin": [28, 33, 3], "size": [3, 1, 1], "uv": [57, 62]},
						{"origin": [-15, 33, 3], "size": [3, 1, 1], "uv": [57, 62]},
						{"origin": [6, 32, 13], "size": [3, 1, 1], "uv": [57, 62]},
						{"origin": [28, 41, 13], "size": [3, 1, 1], "uv": [57, 62]},
						{"origin": [-15, 41, 13], "size": [3, 1, 1], "uv": [57, 62]},
						{"origin": [6, 20, 3], "size": [3, 1, 1], "uv": [57, 62]},
						{"origin": [28, 29, 3], "size": [3, 1, 1], "uv": [57, 62]},
						{"origin": [-15, 29, 3], "size": [3, 1, 1], "uv": [57, 62]},
						{"origin": [-10, 32, 13], "size": [3, 1, 1], "uv": [57, 62]},
						{"origin": [12, 41, 13], "size": [3, 1, 1], "uv": [57, 62]},
						{"origin": [-31, 41, 13], "size": [3, 1, 1], "uv": [57, 62]},
						{"origin": [-10, 20, 3], "size": [3, 1, 1], "uv": [57, 62]},
						{"origin": [12, 29, 3], "size": [3, 1, 1], "uv": [57, 62]},
						{"origin": [-31, 29, 3], "size": [3, 1, 1], "uv": [57, 62]},
						{"origin": [-10, 36, 13], "size": [3, 1, 1], "uv": [57, 62]},
						{"origin": [12, 45, 13], "size": [3, 1, 1], "uv": [57, 62]},
						{"origin": [-31, 45, 13], "size": [3, 1, 1], "uv": [57, 62]},
						{"origin": [-10, 24, 3], "size": [3, 1, 1], "uv": [57, 62]},
						{"origin": [12, 33, 3], "size": [3, 1, 1], "uv": [57, 62]},
						{"origin": [-31, 33, 3], "size": [3, 1, 1], "uv": [57, 62]},
						{"origin": [-10, 28, 13], "size": [3, 1, 1], "uv": [57, 62]},
						{"origin": [12, 37, 13], "size": [3, 1, 1], "uv": [57, 62]},
						{"origin": [-31, 37, 13], "size": [3, 1, 1], "uv": [57, 62]},
						{"origin": [-10, 16, 3], "size": [3, 1, 1], "uv": [57, 62]},
						{"origin": [12, 25, 3], "size": [3, 1, 1], "uv": [57, 62]},
						{"origin": [-31, 25, 3], "size": [3, 1, 1], "uv": [57, 62]},
						{"origin": [6, 28, 13], "size": [3, 1, 1], "uv": [57, 62]},
						{"origin": [28, 37, 13], "size": [3, 1, 1], "uv": [57, 62]},
						{"origin": [-15, 37, 13], "size": [3, 1, 1], "uv": [57, 62]},
						{"origin": [6, 16, 3], "size": [3, 1, 1], "uv": [57, 62]},
						{"origin": [28, 25, 3], "size": [3, 1, 1], "uv": [57, 62]},
						{"origin": [-15, 25, 3], "size": [3, 1, 1], "uv": [57, 62]},
						{"origin": [-1, 39, 13], "size": [1, 3, 1], "uv": [57, 62]},
						{"origin": [21, 48, 13], "size": [1, 3, 1], "uv": [57, 62]},
						{"origin": [-22, 48, 13], "size": [1, 3, 1], "uv": [57, 62]},
						{"origin": [-1, 27, 3], "size": [1, 3, 1], "uv": [57, 62]},
						{"origin": [21, 36, 3], "size": [1, 3, 1], "uv": [57, 62]},
						{"origin": [-22, 36, 3], "size": [1, 3, 1], "uv": [57, 62]},
						{"origin": [-5, 39, 13], "size": [1, 3, 1], "uv": [57, 62]},
						{"origin": [17, 48, 13], "size": [1, 3, 1], "uv": [57, 62]},
						{"origin": [-26, 48, 13], "size": [1, 3, 1], "uv": [57, 62]},
						{"origin": [-5, 27, 3], "size": [1, 3, 1], "uv": [57, 62]},
						{"origin": [17, 36, 3], "size": [1, 3, 1], "uv": [57, 62]},
						{"origin": [-26, 36, 3], "size": [1, 3, 1], "uv": [57, 62]},
						{"origin": [-5, 23, 13], "size": [1, 3, 1], "uv": [57, 62]},
						{"origin": [17, 32, 13], "size": [1, 3, 1], "uv": [57, 62]},
						{"origin": [-26, 32, 13], "size": [1, 3, 1], "uv": [57, 62]},
						{"origin": [-5, 11, 3], "size": [1, 3, 1], "uv": [57, 62]},
						{"origin": [17, 20, 3], "size": [1, 3, 1], "uv": [57, 62]},
						{"origin": [-26, 20, 3], "size": [1, 3, 1], "uv": [57, 62]},
						{"origin": [-1, 23, 13], "size": [1, 3, 1], "uv": [57, 62]},
						{"origin": [21, 32, 13], "size": [1, 3, 1], "uv": [57, 62]},
						{"origin": [-22, 32, 13], "size": [1, 3, 1], "uv": [57, 62]},
						{"origin": [-1, 11, 3], "size": [1, 3, 1], "uv": [57, 62]},
						{"origin": [21, 20, 3], "size": [1, 3, 1], "uv": [57, 62]},
						{"origin": [-22, 20, 3], "size": [1, 3, 1], "uv": [57, 62]},
						{"origin": [3, 23, 13], "size": [1, 3, 1], "uv": [57, 62]},
						{"origin": [25, 32, 13], "size": [1, 3, 1], "uv": [57, 62]},
						{"origin": [-18, 32, 13], "size": [1, 3, 1], "uv": [57, 62]},
						{"origin": [3, 11, 3], "size": [1, 3, 1], "uv": [57, 62]},
						{"origin": [25, 20, 3], "size": [1, 3, 1], "uv": [57, 62]},
						{"origin": [-18, 20, 3], "size": [1, 3, 1], "uv": [57, 62]}
					]
				},
				{
					"name": "head",
					"pivot": [0, 24, 0],
					"cubes": [
						{"origin": [-5, 29, -5], "size": [10, 3.3, 10], "uv": [7, 0]},
						{"origin": [-0.7, 32, 2.7], "size": [1.4, 1.3, 1.4], "uv": [0, 0]},
						{"origin": [-0.7, 32, -4.1], "size": [1.4, 1.3, 1.4], "uv": [0, 0]},
						{"origin": [-0.7, 32, -0.6], "size": [1.4, 1.3, 1.4], "uv": [0, 0]},
						{"origin": [-5, 29, -10], "size": [10, 1, 5], "uv": [36, 0]}
					]
				},
				{
					"name": "body",
					"pivot": [0, 24, 0],
					"cubes": [
						{"origin": [-4, 12, -3], "size": [8, 12, 6], "uv": [0, 14]}
					]
				},
				{
					"name": "rightArm",
					"pivot": [-5, 22, 0],
					"cubes": [
						{"origin": [-9, 19.1, -3], "size": [5, 6, 6], "uv": [42, 17]},
						{"origin": [-9, 14.1, -3], "size": [5, 1, 6], "uv": [42, 30]},
						{"origin": [-10, 13.1, -1], "size": [2, 3, 2], "uv": [28, 59]}
					]
				},
				{
					"name": "rightLeg",
					"pivot": [-2, 12, 0],
					"cubes": [
						{"origin": [-5, 3, -3], "size": [5, 9, 6], "uv": [0, 40]}
					]
				},
				{
					"name": "leftLeg",
					"pivot": [2, 12, 0],
					"cubes": [
						{"origin": [0, 3, -3], "size": [5, 9, 6], "uv": [30, 40], "mirror": true}
					]
				},
				{
					"name": "leftArm",
					"pivot": [5, 22, 0],
					"cubes": [
						{"origin": [4, 19.1, -3], "size": [5, 6, 6], "uv": [42, 17], "mirror": true}
					]
				}
			]
		}
	]
}