{
	"format_version": "1.12.0",
	"minecraft:geometry": [
		{
			"description": {
				"identifier": "geometry.bbb_ice",
				"texture_width": 64,
				"texture_height": 64,
				"visible_bounds_width": 3,
				"visible_bounds_height": 3,
				"visible_bounds_offset": [0, 0, 0]
			},
			"bones": [
				{
					"name": "unknown_bone",
					"pivot": [0, 0, 0]
				},
				{
					"name": "head",
					"pivot": [0, 24, 0],
					"cubes": [
						{"origin": [-5, 29, -5], "size": [10, 3.3, 10], "uv": [7, 0]},
						{"origin": [-5, 29, -10], "size": [10, 1, 5], "uv": [36, 0]},
						{"origin": [-5, 20, -7], "size": [10, 1, 5], "pivot": [0, 19, 3], "rotation": [-90, 0, 0], "uv": [33, 43]},
						{"origin": [-6, 13, -7], "size": [1, 8, 5], "pivot": [-10, 19, 3], "rotation": [-90, 0, 0], "uv": [28, 36]},
						{"origin": [5, 13, -7], "size": [1, 8, 5], "pivot": [1, 19, 3], "rotation": [-90, 0, 0], "uv": [28, 36]},
						{"origin": [-4, 7, -2], "size": [10, 1, 0], "pivot": [1, 13, 9], "rotation": [-90, 0, 0], "uv": [29, 45]}
					]
				},
				{
					"name": "body",
					"pivot": [0, 24, 0],
					"cubes": [
						{"origin": [-4, 12, -3], "size": [8, 12, 6], "uv": [0, 14]}
					]
				},
				{
					"name": "rightArm",
					"pivot": [-5, 22, 0],
					"cubes": [
						{"origin": [-8, 19.1, -3], "size": [4, 6, 6], "uv": [42, 17]},
						{"origin": [-8, 13.1, -3], "size": [4, 6, 6], "uv": [42, 17]},
						{"origin": [-9, 14.1, -3], "size": [5, 1, 6], "uv": [42, 30]},
						{"origin": [-10, 13.1, -1], "size": [2, 3, 2], "uv": [28, 59]}
					]
				},
				{
					"name": "rightLeg",
					"pivot": [-2, 12, 0],
					"cubes": [
						{"origin": [-5, 3, -3], "size": [5, 9, 6], "uv": [0, 40]}
					]
				},
				{
					"name": "leftLeg",
					"pivot": [2, 12, 0],
					"cubes": [
						{"origin": [0, 3, -3], "size": [5, 9, 6], "uv": [0, 40], "mirror": true}
					]
				},
				{
					"name": "leftArm",
					"pivot": [5, 22, 0],
					"cubes": [
						{"origin": [4, 13.1, -3], "size": [4, 6, 6], "uv": [42, 17], "mirror": true},
						{"origin": [4, 19.1, -3], "size": [4, 6, 6], "uv": [42, 17], "mirror": true}
					]
				}
			]
		}
	]
}