{
	"format_version": "1.12.0",
	"minecraft:geometry": [
		{
			"description": {
				"identifier": "geometry.katakululu",
				"texture_width": 64,
				"texture_height": 64,
				"visible_bounds_width": 3,
				"visible_bounds_height": 4,
				"visible_bounds_offset": [0, 2, 0]
			},
			"bones": [
				{
					"name": "bone",
					"pivot": [0, 23, 0]
				},
				{
					"name": "head",
					"parent": "bone",
					"pivot": [0, 47, 0],
					"cubes": [
						{"origin": [-7, 47, -7], "size": [14, 14, 14], "uv": [0, 0]},
						{"origin": [2, 57, -8], "size": [6, 6, 4], "uv": [0, 28]},
						{"origin": [-8, 57, -8], "size": [6, 6, 4], "uv": [0, 28]}
					]
				},
				{
					"name": "body",
					"parent": "bone",
					"pivot": [0, 47, 0],
					"cubes": [
						{"origin": [-5, 33, -3], "size": [10, 14, 6], "uv": [0, 39]}
					]
				},
				{
					"name": "leftArm",
					"parent": "bone",
					"pivot": [5, 45, 0],
					"cubes": [
						{"origin": [4, 30, -3], "size": [6, 18, 6], "uv": [40, 35]},
						{"origin": [6, 26, -4], "size": [2, 6, 2], "uv": [56, 0]},
						{"origin": [9, 26, -1], "size": [2, 6, 2], "uv": [56, 0]},
						{"origin": [6, 26, 2], "size": [2, 6, 2], "uv": [56, 0]}
					]
				},
				{
					"name": "rightArm",
					"parent": "bone",
					"pivot": [-5, 45, 0],
					"cubes": [
						{"origin": [-10, 30, -3], "size": [6, 18, 6], "uv": [40, 35], "mirror": true},
						{"origin": [-8, 26, -4], "size": [2, 6, 2], "uv": [56, 0], "mirror": true},
						{"origin": [-11, 26, -1], "size": [2, 6, 2], "uv": [56, 0], "mirror": true},
						{"origin": [-8, 26, 2], "size": [2, 6, 2], "uv": [56, 0], "mirror": true}
					]
				},
				{
					"name": "rightLeg",
					"parent": "bone",
					"pivot": [-2, 35, 0],
					"cubes": [
						{"origin": [-7, 15, -3], "size": [6, 18, 6], "uv": [40, 35], "mirror": true},
						{"origin": [-7, 1, -3], "size": [6, 18, 6], "pivot": [-4, 16, -2], "rotation": [15, 0, 0], "uv": [40, 35], "mirror": true},
						{"origin": [-5, 1, -8], "size": [2, 2, 6], "pivot": [-4, 16, -2], "rotation": [15, 0, 0], "uv": [26, 30], "mirror": true},
						{"origin": [-1, 1, -8], "size": [2, 2, 6], "pivot": [-4, 16, -2], "rotation": [15, -30, 0], "uv": [26, 30], "mirror": true},
						{"origin": [-9, 1, -8], "size": [2, 2, 6], "pivot": [-4, 16, -2], "rotation": [15, 35, 0], "uv": [26, 30], "mirror": true}
					]
				},
				{
					"name": "leftLeg",
					"parent": "bone",
					"pivot": [2, 35, 0],
					"cubes": [
						{"origin": [1, 15, -3], "size": [6, 18, 6], "uv": [40, 35]},
						{"origin": [1, 1, -3], "size": [6, 18, 6], "pivot": [4, 16, -2], "rotation": [15, 0, 0], "uv": [40, 35]},
						{"origin": [3, 1, -8], "size": [2, 2, 6], "pivot": [4, 16, -2], "rotation": [15, 0, 0], "uv": [26, 30]},
						{"origin": [-1, 1, -8], "size": [2, 2, 6], "pivot": [4, 16, -2], "rotation": [15, 30, 0], "uv": [26, 30]},
						{"origin": [7, 1, -8], "size": [2, 2, 6], "pivot": [4, 16, -2], "rotation": [15, -35, 0], "uv": [26, 30]}
					]
				}
			]
		}
	]
}