{
	"format_version": "1.12.0",
	"minecraft:geometry": [
		{
			"description": {
				"identifier": "geometry.separa_beruang",
				"texture_width": 64,
				"texture_height": 64,
				"visible_bounds_width": 2,
				"visible_bounds_height": 3,
				"visible_bounds_offset": [0, 1.5, 0]
			},
			"bones": [
				{
					"name": "head",
					"pivot": [0, 24, 0],
					"cubes": [
						{"origin": [-5, 28, -5], "size": [10, 5, 10], "uv": [24, 49]},
						{"origin": [-5, 24, -1], "size": [10, 4, 6], "uv": [0, 0]},
						{"origin": [-5, 26, -5], "size": [2, 2, 1], "uv": [0, 0]},
						{"origin": [3, 26, -5], "size": [2, 2, 1], "uv": [0, 0]},
						{"origin": [3, 25, -5], "size": [1, 1, 1], "uv": [0, 0]},
						{"origin": [-4, 25, -5], "size": [1, 1, 1], "uv": [0, 0]},
						{"origin": [3, 33, 0], "size": [2, 2, 1], "uv": [0, 0]},
						{"origin": [-5, 33, 0], "size": [2, 2, 1], "uv": [0, 0]},
						{"origin": [-1, 28, -6], "size": [2, 2, 1], "uv": [0, 0]}
					]
				},
				{
					"name": "body",
					"pivot": [0, 24, 0],
					"cubes": [
						{"origin": [-4, 12, 1], "size": [8, 12, 2], "uv": [0, 0]},
						{"origin": [-4, 12, -3], "size": [8, 6, 4], "uv": [0, 0]},
						{"origin": [2, 17, -3], "size": [2, 3, 1], "uv": [0, 0]},
						{"origin": [-4, 17, -3], "size": [2, 3, 1], "uv": [0, 0]}
					]
				},
				{
					"name": "rightArm",
					"pivot": [-5, 22, 0],
					"cubes": [
						{"origin": [-9, 10, -3], "size": [5, 9, 6], "uv": [0, 0]},
						{"origin": [-7, 19, -3], "size": [3, 6, 6], "uv": [0, 0]},
						{"origin": [-9, 6, 2], "size": [1, 4, 1], "uv": [0, 0]},
						{"origin": [-9, 6, -1], "size": [1, 4, 1], "uv": [0, 0]},
						{"origin": [-9, 6, 0], "size": [1, 4, 1], "uv": [0, 0]},
						{"origin": [-9, 6, -3], "size": [1, 4, 1], "uv": [0, 0]},
						{"origin": [-7, 7, -3], "size": [2, 3, 1], "uv": [0, 0]}
					]
				},
				{
					"name": "leftArm",
					"pivot": [5, 22, 0],
					"cubes": [
						{"origin": [4, 10, -3], "size": [5, 9, 6], "uv": [0, 0], "mirror": true},
						{"origin": [4, 19, -3], "size": [3, 6, 6], "uv": [0, 0], "mirror": true},
						{"origin": [8, 6, 2], "size": [1, 4, 1], "uv": [0, 0], "mirror": true},
						{"origin": [8, 6, -1], "size": [1, 4, 1], "uv": [0, 0], "mirror": true},
						{"origin": [8, 6, 0], "size": [1, 4, 1], "uv": [0, 0], "mirror": true},
						{"origin": [8, 6, -3], "size": [1, 4, 1], "uv": [0, 0], "mirror": true},
						{"origin": [5, 7, -3], "size": [2, 3, 1], "uv": [0, 0], "mirror": true}
					]
				},
				{
					"name": "rightLeg",
					"pivot": [-2, 12, 0],
					"cubes": [
						{"origin": [-5, -1, -3], "size": [5, 8, 6], "uv": [0, 25]},
						{"origin": [-5, 4, -4], "size": [5, 2, 7], "uv": [0, 30]},
						{"origin": [-2, -1, -6], "size": [2, 2, 3], "uv": [0, 30]},
						{"origin": [-5, -1, -6], "size": [2, 2, 3], "uv": [0, 30]},
						{"origin": [-3, 6, -3], "size": [2, 6, 6], "uv": [0, 43]}
					]
				},
				{
					"name": "leftLeg",
					"pivot": [2, 12, 0],
					"cubes": [
						{"origin": [0, -1, -3], "size": [5, 8, 6], "uv": [0, 25], "mirror": true},
						{"origin": [0, 4, -4], "size": [5, 2, 7], "uv": [0, 30], "mirror": true},
						{"origin": [0, -1, -6], "size": [2, 2, 3], "uv": [0, 30], "mirror": true},
						{"origin": [3, -1, -6], "size": [2, 2, 3], "uv": [0, 30], "mirror": true},
						{"origin": [1, 6, -3], "size": [2, 6, 6], "uv": [0, 43], "mirror": true}
					]
				}
			]
		}
	]
}