{"format_version":"1.10.0","geometry.gerakan_slomo":{"texturewidth":64,"textureheight":32,"visible_bounds_width":4,"visible_bounds_height":1,"visible_bounds_offset":[0,0.5,0],"bones":[{"name":"zone","pivot":[0,0,0]},{"name":"erggv","parent":"zone","pivot":[-9.5,-0.5,25.4],"rotation":[0,180,0],"cubes":[{"origin":[-29.5,-5.5,25.4],"size":[21,11,1],"uv":[0,0]}]},{"name":"erggv2","parent":"erggv","pivot":[-9.5,-0.5,25.4],"rotation":[0,-45,0],"cubes":[{"origin":[-8.79289,-5.5,24.69289],"size":[21,11,1],"uv":[0,0]}]},{"name":"erggv4","parent":"erggv","pivot":[-30.5,-0.5,25.4],"rotation":[0,45,0],"cubes":[{"origin":[-50.79289,-5.5,26.10711],"size":[21,11,1],"uv":[0,0],"mirror":true}]},{"name":"erggv5","parent":"erggv4","pivot":[-51.5,-0.5,25.4],"rotation":[0,45,0],"cubes":[{"origin":[-72.5,-5.5,26.4],"size":[21,11,1],"uv":[0,0],"mirror":true}]},{"name":"erggv3","parent":"zone","pivot":[10.5,-0.5,-25.35],"cubes":[{"origin":[-10.5,-5.5,-25.35],"size":[21,11,1],"uv":[0,0]}]},{"name":"erggv6","parent":"erggv3","pivot":[10.5,-0.5,-25.35],"rotation":[0,-45,0],"cubes":[{"origin":[10.5,-5.5,-25.35],"size":[21,11,1],"uv":[0,0]}]},{"name":"erggv7","parent":"erggv3","pivot":[-10.5,-0.5,-25.35],"rotation":[0,45,0],"cubes":[{"origin":[-31.5,-5.5,-25.35],"size":[21,11,1],"uv":[0,0],"mirror":true}]},{"name":"erggv8","parent":"erggv7","pivot":[-31.5,-0.5,-25.35],"rotation":[0,45,0],"cubes":[{"origin":[-52.5,-5.5,-25.35],"size":[21,11,1],"uv":[0,0],"mirror":true}]}]}}