{
	"format_version": "1.10.0",
	"geometry.golem_tanah": {
		"texturewidth": 128,
		"textureheight": 128,
		"visible_bounds_width": 3,
		"visible_bounds_height": 3,
		"visible_bounds_offset": [0, 1.5, 0],
		"bones": [
			{
				"name": "body",
				"pivot": [0, 31, 0],
				"cubes": [
					{"origin": [-9, 21, -6], "size": [18, 12, 11], "uv": [0, 0]},
					{"origin": [-8, 22, -8], "size": [7, 10, 2], "uv": [0, 25], "mirror": true},
					{"origin": [1, 22, -8], "size": [7, 10, 2], "uv": [0, 25]},
					{"origin": [-4.5, 16, -3], "size": [9, 5, 6], "uv": [0, 70], "inflate": 0.5}
				]
			},
			{
				"name": "head",
				"parent": "body",
				"pivot": [0, 31, -2],
				"cubes": [
					{"origin": [-4, 33, -7.5], "size": [8, 10, 8], "uv": [20, 24]},
					{"origin": [-5, 33, -8.5], "size": [10, 4, 3], "uv": [27, 46]}
				],
				"locators": {
					"lead": [0, 31, -2]
				}
			},
			{
				"name": "arm0",
				"parent": "body",
				"pivot": [0, 31, 0],
				"cubes": [
					{"origin": [-13, 21.5, -3], "size": [4, 6, 6], "uv": [96, 36]},
					{"origin": [-17, 5.5, -4], "size": [2, 5, 2], "uv": [94, 26]},
					{"origin": [-17, 5.5, -1], "size": [2, 5, 2], "uv": [94, 26]},
					{"origin": [-17, 5.5, 2], "size": [2, 5, 2], "uv": [94, 26]},
					{"origin": [-12, 5.5, -4], "size": [3, 5, 3], "uv": [94, 13]},
					{"origin": [-16, 26.5, -4], "size": [8, 11, 8], "uv": [60, 0]},
					{"origin": [-15, 27.5, -6], "size": [6, 9, 2], "uv": [93, 0]},
					{"origin": [-17, 34.5, -3], "size": [6, 4, 6], "uv": [60, 21]},
					{"origin": [-17, 10.5, -4], "size": [8, 11, 8], "uv": [58, 32]}
				]
			},
			{
				"name": "arm1",
				"parent": "body",
				"pivot": [0, 31, 0],
				"cubes": [
					{"origin": [9, 21.5, -3], "size": [4, 6, 6], "uv": [96, 36], "mirror": true},
					{"origin": [9, 10.5, -4], "size": [8, 11, 8], "uv": [58, 32], "mirror": true},
					{"origin": [15, 5.5, -4], "size": [2, 5, 2], "uv": [94, 26], "mirror": true},
					{"origin": [15, 5.5, -1], "size": [2, 5, 2], "uv": [94, 26], "mirror": true},
					{"origin": [15, 5.5, 2], "size": [2, 5, 2], "uv": [94, 26], "mirror": true},
					{"origin": [9, 5.5, -4], "size": [3, 5, 3], "uv": [94, 13], "mirror": true},
					{"origin": [8, 26.5, -4], "size": [8, 11, 8], "uv": [60, 0], "mirror": true},
					{"origin": [9, 27.5, -6], "size": [6, 9, 2], "uv": [93, 0], "mirror": true},
					{"origin": [11, 34.5, -3], "size": [6, 4, 6], "uv": [60, 21], "mirror": true}
				]
			},
			{
				"name": "leg0",
				"parent": "body",
				"pivot": [-4, 13, 0],
				"cubes": [
					{"origin": [-7.5, 0, -3], "size": [6, 16, 5], "uv": [34, 59]},
					{"origin": [-7.5, 0, -5], "size": [6, 3, 2], "uv": [7, 72]}
				]
			},
			{
				"name": "leg1",
				"parent": "body",
				"pivot": [5, 13, 0],
				"cubes": [
					{"origin": [1.5, 0, -3], "size": [6, 16, 5], "uv": [34, 59], "mirror": true},
					{"origin": [1.5, 0, -5], "size": [6, 3, 2], "uv": [7, 72], "mirror": true}
				]
			}
		]
	}
}