{"format_version":"1.10.0","geometry.tembakan_solar":{"texturewidth":64,"textureheight":64,"visible_bounds_width":3,"visible_bounds_height":1,"visible_bounds_offset":[0,0.5,0],"bones":[{"name":"body","pivot":[0,24,0],"cubes":[{"origin":[-4,7,-29],"size":[8,8,27],"uv":[0,0]}]},{"name":"bodyArmor","parent":"body","pivot":[0,24,0]},{"name":"belt","parent":"body","pivot":[0,24,0]},{"name":"waist","pivot":[0,12,0]},{"name":"head","pivot":[0,24,0]},{"name":"hat","pivot":[0,24,0]},{"name":"rightArm","pivot":[-5,22,0]},{"name":"rightItem","parent":"rightArm","pivot":[-6,15,1]},{"name":"rightArmArmor","parent":"rightArm","pivot":[-5,22,0]},{"name":"leftArm","pivot":[5,22,0],"mirror":true},{"name":"leftArmArmor","parent":"leftArm","pivot":[5,22,0],"mirror":true},{"name":"rightLeg","pivot":[-1.9,12,0]},{"name":"rightLegging","parent":"rightLeg","pivot":[-1.9,12,0]},{"name":"rightBoot","parent":"rightLeg","pivot":[-1.9,12,0]},{"name":"rightSock","parent":"rightLeg","pivot":[-1.9,12,0]},{"name":"leftLeg","pivot":[1.9,12,0],"mirror":true},{"name":"leftLegging","parent":"leftLeg","pivot":[1.9,12,0],"mirror":true},{"name":"leftBoot","parent":"leftLeg","pivot":[1.9,12,0],"mirror":true},{"name":"leftSock","parent":"leftLeg","pivot":[1.9,12,0],"mirror":true},{"name":"helmet","pivot":[0,24,0]}]}}