{
    "format_version": "1.8.0",
    "minecraft:entity": {
        "description": {
            "identifier": "tunekeshi:fire",
            "is_spawnable": false,
            "is_summonable": true,
            "is_experimental": false    },
        "component_groups": {
            "minecraft:exploding": {
                "minecraft:explode": {
                    "fuseLength": 0,
                    "fuseLit": true,
                    "power": 1,
                    "causesFire": true,
     "breaks_blocks" : false,
                    "fireAffectedByGriefing": true,
                    "destroyAffectedByGriefing": true
                }
            }
        },
        "components": {
            "minecraft:collision_box": {
                "width": 0.25,
                "height": 0.25
            },
            "minecraft:projectile": {
                "onHit": {
                    "definition_event": {
                        "affectProjectile": true,
                        "eventTrigger": {
                            "event": "minecraft:explode",
                            "target": "self"
                        }
                    }
                },
                "power": 1.5,
                "gravity": 0,
                "angleoffset": 0
            },
            "minecraft:physics": {}
        },
        "events": {
            "minecraft:explode": {
                "add": {
                    "component_groups": [
                        "minecraft:exploding"
                    ]
                }
            }
        }
    }
}
