{
  "format_version": "1.16.100",
  "minecraft:item": {
    "description": {
      "identifier": "tunekeshi:magic_wand",
      "category": "Equipment"
    },
    "components": {
      "minecraft:creative_category": {
        "parent": "itemGroup.name.magic_wand"
      },
      "minecraft:hand_equipped": true,
      "minecraft:damage": 5,
			  "minecraft:weapon": {},
      "minecraft:use_duration": 999999999,
      "minecraft:max_stack_size": 1,
      "minecraft:food": {
      "can_always_eat": true
      },
      "minecraft:icon": {
        "texture": "magic_wand"
      },
      "minecraft:render_offsets": "tools",
      "minecraft:display_name": {
      }}}}}
