{
	"format_version": "1.10.0",
	"geometry.probe": {
		"texturewidth": 128,
		"textureheight": 128,
		"visible_bounds_width": 4,
		"visible_bounds_height": 2,
		"visible_bounds_offset": [0, 1, 0],
		"bones": [
			{
				"name": "waist",
				"pivot": [0, 12, 0]
			},
			{
				"name": "body",
				"parent": "waist",
				"pivot": [0, 24, 0]
			},
			{
				"name": "head",
				"parent": "body",
				"pivot": [0, 24, 0],
				"cubes": [
					{"origin": [-4, 21, -4], "size": [8, 15, 8], "uv": [0, 96], "inflate": 0.5},
					{"origin": [0, 37, 0], "size": [0, 5, 0], "uv": [99, 1], "inflate": 0.5},
					{"origin": [-7, 25, -8], "size": [14, 9, 15], "uv": [0, 71], "inflate": 0.5},
					{"origin": [-10, 26, -11], "size": [20, 6, 20], "uv": [0, 38], "inflate": 0.5},
					{"origin": [11, 26, 4], "size": [7, 2, 2], "uv": [49, 68], "inflate": 0.5},
					{"origin": [19, 24, 3], "size": [5, 5, 4], "uv": [49, 75], "inflate": 0.5},
					{"origin": [-24, 24, 3], "size": [5, 5, 4], "uv": [49, 75], "inflate": 0.5, "mirror": true},
					{"origin": [-18, 26, 4], "size": [7, 2, 2], "uv": [49, 68], "inflate": 0.5, "mirror": true},
					{"origin": [-12, 29, -13], "size": [24, 2, 24], "uv": [0, 0], "inflate": 0.5}
				]
			},
			{
				"name": "hat",
				"parent": "head",
				"pivot": [0, 24, 0]
			},
			{
				"name": "rightArm",
				"parent": "body",
				"pivot": [-5, 22, 0],
				"cubes": [
					{"origin": [-8, 12, -2], "size": [4, 12, 5], "uv": [110, 111]}
				]
			},
			{
				"name": "rightItem",
				"parent": "rightArm",
				"pivot": [-6, 15, 1]
			},
			{
				"name": "leftArm",
				"parent": "body",
				"pivot": [5, 22, 0],
				"mirror": true,
				"cubes": [
					{"origin": [4, 12, -2], "size": [4, 12, 4], "uv": [112, 112]}
				]
			},
			{
				"name": "rightLeg",
				"parent": "body",
				"pivot": [-1.9, 12, 0]
			},
			{
				"name": "leftLeg",
				"parent": "body",
				"pivot": [1.9, 12, 0],
				"mirror": true
			}
		]
	}
}