{
  "format_version": "1.12",
  "minecraft:recipe_shaped": {
    "description": {
    "identifier": "tunekeshi:magic_wand"
    },   
    "tags": [ "crafting_table" ],
    "pattern": [
      "XCB",
      "XCC",
      "AXX"
    ],
    "key": {
      "A": {
        "item": "minecraft:stick"
      },
      "B": {
        "item": "minecraft:ender_pearl"
      },
      "C": {
        "item": "minecraft:stone"
      }
    },
    "result": {
      "item": "tunekeshi:magic_wand"
    }
  }
}
