{
	"format_version": "1.10.0",
	"particle_effect": {
		"description": {
			"identifier": "tunekeshi:air_particle",
			"basic_render_parameters": {
				"material": "particles_alpha",
				"texture": "textures/particle/particles"
			}
		},
		"components": {
			"minecraft:emitter_rate_instant": {
				"num_particles": 100
			},
			"minecraft:emitter_lifetime_once": {
				"active_time": 0.1
			},
			"minecraft:emitter_shape_sphere": {
				"radius": 5,
				"direction": "outwards"
			},
			"minecraft:particle_lifetime_expression": {
				"max_lifetime": 0.8
			},
			"minecraft:particle_initial_speed": 1,
			"minecraft:particle_motion_parametric": {
				"relative_position": ["Math.cos((variable.particle_age * 360) + (variable.particle_random_1 * 360))", "variable.particle_age*3", "Math.sin((variable.particle_age * 360) + (variable.particle_random_1 * 360))"]
			},
			"minecraft:particle_appearance_billboard": {
				"size": ["variable.particle_random_1 * variable.particle_random_2 * 0.6 + 0.1", "variable.particle_random_1 * variable.particle_random_2 * 0.6 + 0.1"],
				"facing_camera_mode": "lookat_xyz",
				"uv": {
					"texture_width": 128,
					"texture_height": 128,
					"flipbook": {
						"base_UV": [56, 0],
						"size_UV": [8, 8],
						"step_UV": [-8, 0],
						"frames_per_second": 8,
						"max_frame": 8,
						"stretch_to_lifetime": true
					}
				}
			},
			"minecraft:particle_motion_collision": {
				"collision_drag": 10,
				"coefficient_of_restitution": 0.1,
				"collision_radius": 0.1
			},
			"minecraft:particle_appearance_lighting": {},
			"minecraft:particle_appearance_tinting": {
				"color": ["Math.clamp(variable.particle_random_1 * 0.3 + 0.7, 0, 1)", "Math.clamp(variable.particle_random_1 * 0.3 + 0.7, 0, 1)", "Math.clamp(variable.particle_random_1 * 0.3 + 0.7, 0, 1)"]
			}
		}
	}
}
