{"format_version":"1.8.0","minecraft:client_entity":{"description":{"identifier":"mobs:boboiboy_air","materials":{"default":"skeleton"},"textures":{"default":"textures/entity/boboiboy_air"},"geometry":{"default":"geometry.humanoid.custom"},"scripts":{"pre_animation":["variable.tcos0 \u003d (Math.cos(query.modified_distance_moved * 38.17) * query.modified_move_speed / variable.gliding_speed_value) * 57.3;","variable.tcos1 \u003d -variable.tcos0;","variable.attack_body_rot_y \u003d Math.sin(Math.sqrt(variable.attack_time) * 360.0) * 11.46;","variable.cos_attack_body_rot_y \u003d Math.cos(variable.attack_body_rot_y);","variable.sin_attack_body_rot_y \u003d Math.sin(variable.attack_body_rot_y);","variable.internal_swim_pos \u003d Math.mod(query.modified_distance_moved, 26.0);","variable.attack \u003d Math.sin((1.0 - (1.0 - variable.attack_time) * (1.0 - variable.attack_time)) * 180.0);","variable.attack2 \u003d Math.sin(variable.attack_time * 180.0);"]},"animations":{"look_at_target_default":"animation.humanoid.look_at_target.default","look_at_target_gliding":"animation.humanoid.look_at_target.gliding","look_at_target_swimming":"animation.humanoid.look_at_target.swimming","move":"animation.humanoid.move","riding.arms":"animation.humanoid.riding.arms","riding.legs":"animation.humanoid.riding.legs","holding":"animation.humanoid.holding","brandish_spear":"animation.humanoid.brandish_spear","charging":"animation.humanoid.charging","attack.rotations":"animation.humanoid.attack.rotations","sneaking":"animation.humanoid.sneaking","bob":"animation.humanoid.bob","damage_nearby_mobs":"animation.humanoid.damage_nearby_mobs","one_arm":"animation.humanoid.one_arm","swimming":"animation.humanoid.swimming","use_item_progress":"animation.humanoid.use_item_progress"},"animation_controllers":[{"humanoid_base_pose":"controller.animation.humanoid.base_pose"},{"look_at_target":"controller.animation.humanoid.look_at_target"},{"move":"controller.animation.humanoid.move"},{"riding":"controller.animation.humanoid.riding"},{"holding":"controller.animation.humanoid.holding"},{"brandish_spear":"controller.animation.humanoid.brandish_spear"},{"charging":"controller.animation.humanoid.charging"},{"attack":"controller.animation.humanoid.attack"},{"sneaking":"controller.animation.humanoid.sneaking"},{"bob":"controller.animation.humanoid.bob"},{"damage_nearby_mobs":"controller.animation.humanoid.damage_nearby_mobs"},{"one_arm":"controller.animation.humanoid.one_arm"},{"swimming":"controller.animation.humanoid.swimming"},{"use_item_progress":"controller.animation.humanoid.use_item_progress"},{"skeleton_attack":"controller.animation.skeleton.attack"}],"render_controllers":["controller.render.skeleton"],"enable_attachables":true,"spawn_egg":{"base_color":"#16decd","overlay_color":"#16decd"}}}}