{"format_version":"1.8.0","minecraft:client_entity":{"description":{"identifier":"bg:tanah_bertubi_tubi","materials":{"default":"iron_golem"},"textures":{"damage_0":"textures/entity/elemental/damage_0","damage_1":"textures/entity/elemental/damage_1","damage_2":"textures/entity/elemental/damage_2","damage_3":"textures/entity/elemental/damage_3"},"animation_controllers":[{"move":"controller.animation.mover.move"}],"geometry":{"default":"geometry.tanah_bertubi_tubi"},"render_controllers":["controller.render.iron_golem"],"spawn_egg":{"texture":"telor","texture_index":3}}}}