{"format_version":"1.8.0","minecraft:client_entity":{"description":{"identifier":"bg:tanah_pelindung","materials":{"default":"iron_golem"},"textures":{"default":"textures/entity/elemental/tanah"},"geometry":{"default":"geometry.tanah_pelindung"},"scripts":{"pre_animation":["variable.tcos0 \u003d (Math.cos(query.modified_distance_moved * 38.17) * query.modified_move_speed / variable.gliding_speed_value) * 57.3;","variable.tcos1 \u003d -variable.tcos0;","variable.attack_body_rot_y \u003d Math.sin(Math.sqrt(variable.attack_time) * 360.0) * 11.46;","variable.cos_attack_body_rot_y \u003d Math.cos(variable.attack_body_rot_y);","variable.sin_attack_body_rot_y \u003d Math.sin(variable.attack_body_rot_y);","variable.internal_swim_pos \u003d Math.mod(query.modified_distance_moved, 26.0);","variable.attack \u003d Math.sin((1.0 - (1.0 - variable.attack_time) * (1.0 - variable.attack_time)) * 180.0);","variable.attack2 \u003d Math.sin(variable.attack_time * 180.0);"]},"animations":{"move":"animation.tanah_pelindung.move"},"animation_controllers":[{"move":"controller.animation.tanah_pelindung.move"}],"render_controllers":["controller.render.iron_golem"],"spawn_egg":{"texture":"tanah_pelindung","texture_index":21}}}}